{
	"song": {
		"player1": "bf",
		"events": [],
		"notes": [
			{
				"lengthInSteps": 16,
				"sectionNotes": [
					[
						0,
						1,
						0
					],
					[
						333.3335,
						3,
						0
					],
					[
						541.6669375,
						1,
						0
					],
					[
						666.667,
						2,
						0
					],
					[
						1000.0005,
						0,
						0
					],
					[
						1333.334,
						1,
						0
					],
					[
						1333.334,
						2,
						0
					],
					[
						1541.6674375,
						1,
						0
					],
					[
						1875.0009375,
						3,
						0
					],
					[
						2333.3345,
						3,
						0
					],
					[
						2541.6679375,
						0,
						0
					]
				],
				"mustHitSection": true
			},
			{
				"lengthInSteps": 16,
				"sectionNotes": [
					[
						2666.668,
						3,
						0
					],
					[
						2875.0014375,
						0,
						0
					],
					[
						3000.0015,
						3,
						0
					],
					[
						3208.3349375,
						1,
						0
					],
					[
						3333.335,
						3,
						0
					],
					[
						3666.6685,
						0,
						0
					],
					[
						4000.002,
						2,
						0
					],
					[
						4666.669,
						1,
						0
					],
					[
						4875.0024375,
						0,
						0
					],
					[
						5000.0025,
						3,
						0
					],
					[
						5208.3359375,
						2,
						0
					]
				],
				"mustHitSection": true
			},
			{
				"lengthInSteps": 16,
				"sectionNotes": [
					[
						5333.336,
						3,
						0
					],
					[
						5666.6695,
						1,
						0
					],
					[
						5875.0029375,
						0,
						0
					],
					[
						6000.003,
						1,
						0
					],
					[
						6333.3365,
						2,
						0
					],
					[
						6666.67,
						1,
						0
					],
					[
						6666.67,
						1,
						0
					],
					[
						6666.67,
						3,
						0
					],
					[
						7208.3369375,
						0,
						0
					],
					[
						7666.6705,
						1,
						0
					],
					[
						7666.6705,
						3,
						0
					],
					[
						7875.0039375,
						2,
						0
					],
					[
						7875.0039375,
						3,
						0
					]
				],
				"mustHitSection": true
			},
			{
				"lengthInSteps": 16,
				"sectionNotes": [
					[
						8208.3374375,
						2,
						0
					],
					[
						8208.3374375,
						3,
						0
					],
					[
						8333.3375,
						0,
						0
					],
					[
						8333.3375,
						2,
						0
					],
					[
						8333.3375,
						3,
						0
					],
					[
						8541.6709375,
						0,
						0
					],
					[
						8666.671,
						0,
						0
					],
					[
						8666.671,
						2,
						0
					],
					[
						8875.0044375,
						2,
						0
					],
					[
						8875.0044375,
						3,
						0
					],
					[
						9000.0045,
						2,
						0
					],
					[
						9000.0045,
						3,
						0
					],
					[
						9208.3379375,
						1,
						0
					],
					[
						9208.3379375,
						3,
						0
					],
					[
						9333.338,
						1,
						0
					],
					[
						9541.6714375,
						1,
						0
					],
					[
						9666.6715,
						0,
						0
					],
					[
						9666.6715,
						2,
						0
					],
					[
						10000.005,
						3,
						0
					],
					[
						10208.3384375,
						0,
						0
					],
					[
						10208.3384375,
						2,
						0
					],
					[
						10541.6719375,
						0,
						0
					],
					[
						10541.6719375,
						2,
						0
					]
				],
				"mustHitSection": true
			},
			{
				"lengthInSteps": 16,
				"sectionNotes": [
					[
						10666.672,
						0,
						0
					],
					[
						11000.0055,
						2,
						0
					],
					[
						11208.3389375,
						1,
						0
					],
					[
						11208.3389375,
						2,
						0
					],
					[
						11208.3389375,
						6,
						0
					],
					[
						11333.339,
						3,
						0
					],
					[
						11333.339,
						4,
						0
					],
					[
						11666.6725,
						0,
						0
					],
					[
						11666.6725,
						4,
						0
					],
					[
						12000.006,
						0,
						0
					],
					[
						12000.006,
						1,
						0
					],
					[
						12000.006,
						7,
						460.416896875
					],
					[
						12541.6729375,
						0,
						0
					],
					[
						12541.6729375,
						1,
						0
					],
					[
						12541.6729375,
						6,
						0
					],
					[
						12666.673,
						3,
						0
					],
					[
						13000.0065,
						1,
						0
					],
					[
						13000.0065,
						2,
						0
					],
					[
						13000.0065,
						4,
						0
					],
					[
						13208.3399375,
						6,
						0
					]
				],
				"mustHitSection": true
			},
			{
				"lengthInSteps": 16,
				"sectionNotes": [
					[
						13333.34,
						1,
						0
					],
					[
						13333.34,
						2,
						0
					],
					[
						13541.6734375,
						1,
						0
					],
					[
						13541.6734375,
						3,
						0
					],
					[
						14000.007,
						1,
						0
					],
					[
						14000.007,
						2,
						0
					],
					[
						14000.007,
						4,
						0
					],
					[
						14333.3405,
						7,
						0
					],
					[
						14666.674,
						1,
						0
					],
					[
						14666.674,
						4,
						0
					],
					[
						15000.0075,
						2,
						0
					],
					[
						15000.0075,
						4,
						0
					],
					[
						15333.341,
						1,
						0
					],
					[
						15333.341,
						7,
						0
					],
					[
						15666.6745,
						0,
						0
					],
					[
						15666.6745,
						5,
						389.583528125
					],
					[
						15875.0079375,
						3,
						0
					]
				],
				"mustHitSection": true
			},
			{
				"lengthInSteps": 16,
				"sectionNotes": [
					[
						16000.008,
						3,
						0
					],
					[
						16208.3414375,
						1,
						0
					],
					[
						16666.675,
						0,
						0
					],
					[
						16666.675,
						3,
						0
					],
					[
						17000.0085,
						0,
						0
					],
					[
						17000.0085,
						2,
						0
					],
					[
						17000.0085,
						3,
						0
					],
					[
						17333.342,
						0,
						0
					],
					[
						17333.342,
						2,
						0
					],
					[
						17333.342,
						3,
						0
					],
					[
						17875.0089375,
						2,
						0
					],
					[
						18208.3424375,
						3,
						0
					],
					[
						18333.3425,
						1,
						0
					],
					[
						18333.3425,
						3,
						0
					],
					[
						18541.6759375,
						2,
						0
					]
				],
				"mustHitSection": true
			},
			{
				"lengthInSteps": 16,
				"sectionNotes": [
					[
						18666.676,
						0,
						0
					],
					[
						18875.0094375,
						2,
						0
					],
					[
						18875.0094375,
						3,
						0
					],
					[
						19000.0095,
						1,
						0
					],
					[
						19000.0095,
						3,
						0
					],
					[
						19208.3429375,
						1,
						0
					],
					[
						19208.3429375,
						3,
						0
					],
					[
						19333.343,
						0,
						0
					],
					[
						19333.343,
						1,
						0
					],
					[
						19541.6764375,
						0,
						0
					],
					[
						19666.6765,
						3,
						0
					],
					[
						19875.0099375,
						1,
						0
					],
					[
						19875.0099375,
						2,
						0
					],
					[
						20208.3434375,
						0,
						0
					],
					[
						20333.3435,
						1,
						0
					],
					[
						20333.3435,
						3,
						0
					],
					[
						20541.6769375,
						2,
						0
					],
					[
						20666.677,
						2,
						0
					],
					[
						20875.0104375,
						1,
						0
					],
					[
						20875.0104375,
						3,
						0
					],
					[
						21208.3439375,
						0,
						0
					],
					[
						21208.3439375,
						3,
						0
					]
				],
				"mustHitSection": true
			},
			{
				"lengthInSteps": 16,